"URI","usabilityRating","reason_1","reason_2","reason_3","reason_4","relevanceRank"
"http://en.wikinews.org/wiki/'Buried'_video_surfaces_of_police_making_mass_arrests_during_the_Republican_National_Convention#ev38",0,4,,,,374
"http://en.wikinews.org/wiki/100s_of_thousands_take_to_the_streets_across_France#ev65",0,3,,,,374
"http://en.wikinews.org/wiki/100s_of_thousands_take_to_the_streets_across_France#ev95",0,2,3,,,374
"http://en.wikinews.org/wiki/60th_anniversary_of_the_end_of_the_war_in_Asia_and_Pacific_commemorated#ev103",1,1,,,,1
"http://en.wikinews.org/wiki/Abu_Ghraib_prison_camp_struck_by_tractor_bomb#ev26",0,8,,,,374
"http://en.wikinews.org/wiki/Afghans_riot_after_civilians_die_in_crash#ev24",1,1,,,,1
"http://en.wikinews.org/wiki/Afghans_riot_after_civilians_die_in_crash#ev42",1,1,,,,1
"http://en.wikinews.org/wiki/Akayev_flees_Kyrgyzstan_as_protesters_seize_control_of_Bishkek#ev135",1,1,,,,1
"http://en.wikinews.org/wiki/Akayev_flees_Kyrgyzstan_as_protesters_seize_control_of_Bishkek#ev136",0,9,,,,374
"http://en.wikinews.org/wiki/Al_Jazeera_announces_English-language_channel_for_2006#ev55",0,9,,,,374
"http://en.wikinews.org/wiki/Algiers_protest_takes_place_despite_ban#ev26",0,4,,,,374
"http://en.wikinews.org/wiki/Algiers_protest_takes_place_despite_ban#ev27",0,9,,,,374
"http://en.wikinews.org/wiki/Algiers_protest_takes_place_despite_ban#ev28",0,2,5,,,374
"http://en.wikinews.org/wiki/Algiers_protest_takes_place_despite_ban#ev48",0,2,,,,374
"http://en.wikinews.org/wiki/Anarchists,_police_clash_in_central_Athens_during_anti-war_rally#ev14",0,2,5,,,374
"http://en.wikinews.org/wiki/Anarchists,_police_clash_in_central_Athens_during_anti-war_rally#ev31",1,1,,,,1
"http://en.wikinews.org/wiki/Anarchists,_police_clash_in_central_Athens_during_anti-war_rally#ev36",1,1,,,,1
"http://en.wikinews.org/wiki/Anti-China_protesters_clash_with_police_in_Tibet#ev41",0,6,,,,374
"http://en.wikinews.org/wiki/Anti-China_protesters_clash_with_police_in_Tibet#ev42",0,2,5,,,374
"http://en.wikinews.org/wiki/Anti-Mubarak_protesters_in_Cairo_beaten_by_the_police#ev28",0,2,9,,,374
"http://en.wikinews.org/wiki/Anti-Mubarak_protesters_in_Cairo_beaten_by_the_police#ev7",0,2,9,5,,374
"http://en.wikinews.org/wiki/Anti-Mubarak_protesters_in_Cairo_beaten_by_the_police#ev8",0,9,4,,,374
"http://en.wikinews.org/wiki/Anti-racism_rally_in_Sydney#ev69",0,4,,,,374
"http://en.wikinews.org/wiki/Archbishop_of_Canterbury:_Church's_attitude_to_same-sex_marriage_considered_'wicked'_by_the_young#ev31",0,2,5,3,,374
"http://en.wikinews.org/wiki/Armenian_President_Kocharyan_declares_state_of_emergency#ev41",1,1,,,,1
"http://en.wikinews.org/wiki/Around_240_Chilean_protesters_detained_after_anti-government_demonstration#ev36",0,8,,,,374
"http://en.wikinews.org/wiki/Around_240_Chilean_protesters_detained_after_anti-government_demonstration#ev38",0,2,5,,,374
"http://en.wikinews.org/wiki/Around_240_Chilean_protesters_detained_after_anti-government_demonstration#ev39",0,2,5,,,374
"http://en.wikinews.org/wiki/Around_240_Chilean_protesters_detained_after_anti-government_demonstration#ev66",0,9,,,,374
"http://en.wikinews.org/wiki/At_least_24_killed_in_suicide_bombing_in_Pakistan#ev56",0,2,,,,374
"http://en.wikinews.org/wiki/At_least_thirty-three_more_dead_in_Ethiopia_election_clashes#ev47",0,4,,,,374
"http://en.wikinews.org/wiki/At_least_thirty-three_more_dead_in_Ethiopia_election_clashes#ev48",0,2,5,,,374
"http://en.wikinews.org/wiki/Australia_will_help_in_East_Timor_if_requested:_Downer#ev46",1,1,,,,1
"http://en.wikinews.org/wiki/Australian_art_gallery_raided_by_police;_photographer_faces_possible_indecency_charge#ev46",0,3,2,5,,374
"http://en.wikinews.org/wiki/Australian_art_gallery_raided_by_police;_photographer_faces_possible_indecency_charge#ev69",0,3,4,,,374
"http://en.wikinews.org/wiki/Australian_rugby_league_club_to_have_extra_police_at_all_NSW_games#ev19",0,2,5,10,,374
"http://en.wikinews.org/wiki/Australian_rugby_league_club_to_have_extra_police_at_all_NSW_games#ev39",0,4,,,,374
"http://en.wikinews.org/wiki/Australian_treasurer_makes_%22extremely_divisive%22_comments#ev113",0,7,8,,,374
"http://en.wikinews.org/wiki/Battle_for_Trafalgar_Square,_London_as_violence_breaks_out_between_demonstrators_and_riot_police#ev107",0,9,,,,374
"http://en.wikinews.org/wiki/Battle_for_Trafalgar_Square,_London_as_violence_breaks_out_between_demonstrators_and_riot_police#ev128",0,4,,,,374
"http://en.wikinews.org/wiki/Battle_for_Trafalgar_Square,_London_as_violence_breaks_out_between_demonstrators_and_riot_police#ev38",0,4,,,,374
"http://en.wikinews.org/wiki/Battle_for_Trafalgar_Square,_London_as_violence_breaks_out_between_demonstrators_and_riot_police#ev39",0,2,5,,,374
"http://en.wikinews.org/wiki/Battle_for_Trafalgar_Square,_London_as_violence_breaks_out_between_demonstrators_and_riot_police#ev59",0,2,5,,,374
"http://en.wikinews.org/wiki/Battle_for_Trafalgar_Square,_London_as_violence_breaks_out_between_demonstrators_and_riot_police#ev60",0,4,9,,,374
"http://en.wikinews.org/wiki/Battle_for_Trafalgar_Square,_London_as_violence_breaks_out_between_demonstrators_and_riot_police#ev76",0,2,,,,374
"http://en.wikinews.org/wiki/Battle_for_Trafalgar_Square,_London_as_violence_breaks_out_between_demonstrators_and_riot_police#ev95",0,4,,,,374
"http://en.wikinews.org/wiki/Berlusconi_proposes_January_elections_if_government_fails_to_gain_parliamentary_majority#ev48",0,2,5,,,374
"http://en.wikinews.org/wiki/Berlusconi_proposes_January_elections_if_government_fails_to_gain_parliamentary_majority#ev49",0,2,9,,,374
"http://en.wikinews.org/wiki/Bilawal_Bhutto,_son_of_Benazir,_to_assume_leadership_of_PPP#ev48",1,1,,,,1
"http://en.wikinews.org/wiki/BJP's_Narendra_Modi_elected_new_prime_minister_of_India#ev45",0,10,,,,374
"http://en.wikinews.org/wiki/Bomb_explosion_in_Kashmir_kills_three#ev18",0,3,,,,374
"http://en.wikinews.org/wiki/Bomb_explosion_in_Kashmir_kills_three#ev25",0,2,3,5,,374
"http://en.wikinews.org/wiki/Bristol_police_involved_in_standoff_at_a_residence#ev13",0,3,,,,374
"http://en.wikinews.org/wiki/Bristol_police_involved_in_standoff_at_a_residence#ev34",0,6,3,,,374
"http://en.wikinews.org/wiki/Bush_signs_to_rewrite_insurrection_act#ev14",1,1,,,,1
"http://en.wikinews.org/wiki/Bush_signs_to_rewrite_insurrection_act#ev6",0,9,,,,374
"http://en.wikinews.org/wiki/Bush_signs_to_rewrite_insurrection_act#ev8",0,2,5,,,374
"http://en.wikinews.org/wiki/Calm_returns_to_Salt,_Jordan_after_riots_over_police_shooting;_35_arrested#ev13",0,5,9,,,374
"http://en.wikinews.org/wiki/Canadian_government_employee_faces_criminal_charges_in_leak_of_environment_plan#ev59",0,8,3,,,374
"http://en.wikinews.org/wiki/Chess_grand_master_Kasparov_arrested_after_protest#ev23",0,2,9,,,374
"http://en.wikinews.org/wiki/Chess_grand_master_Kasparov_arrested_after_protest#ev24",0,2,5,,,374
"http://en.wikinews.org/wiki/Chile_remembers_its_own_September_11_anniversary#ev17",0,5,,,,374
"http://en.wikinews.org/wiki/Chile_remembers_its_own_September_11_anniversary#ev20",0,2,,,,374
"http://en.wikinews.org/wiki/Chile_remembers_its_own_September_11_anniversary#ev50",1,1,,,,1
"http://en.wikinews.org/wiki/China_executes_nine_for_ethnic_riots#ev21",0,2,9,,,374
"http://en.wikinews.org/wiki/China_executes_nine_for_ethnic_riots#ev22",0,5,,,,374
"http://en.wikinews.org/wiki/China_executes_nine_for_ethnic_riots#ev27",0,5,,,,374
"http://en.wikinews.org/wiki/China_sentences_six_more_to_death_over_riots#ev22",0,8,,,,374
"http://en.wikinews.org/wiki/China_sentences_six_more_to_death_over_riots#ev23",0,3,2,,,374
"http://en.wikinews.org/wiki/China_sentences_six_more_to_death_over_riots#ev24",0,2,9,,,374
"http://en.wikinews.org/wiki/China_sentences_six_more_to_death_over_riots#ev25",0,2,,,,374
"http://en.wikinews.org/wiki/China_sentences_six_more_to_death_over_riots#ev36",0,2,6,3,,374
"http://en.wikinews.org/wiki/China_sentences_six_more_to_death_over_riots#ev67",0,2,5,3,,374
"http://en.wikinews.org/wiki/China:_Dalai_Lama's_comments_are_'downright_nonsense'#ev54",0,8,,,,374
"http://en.wikinews.org/wiki/Chinese_court_sentences_six_to_death_for_Xinjiang_riots#ev21",1,1,,,,1
"http://en.wikinews.org/wiki/Chinese_court_sentences_six_to_death_for_Xinjiang_riots#ev24",0,6,7,,,374
"http://en.wikinews.org/wiki/Chinese_court_sentences_six_to_death_for_Xinjiang_riots#ev38",0,2,5,3,,374
"http://en.wikinews.org/wiki/Chinese_court_sentences_six_to_death_for_Xinjiang_riots#ev63",0,5,,,,374
"http://en.wikinews.org/wiki/Chinese_rioters_storm_Japanese_embassy_in_Beijing#ev45",0,9,,,,374
"http://en.wikinews.org/wiki/Chinese_rioters_storm_Japanese_embassy_in_Beijing#ev47",1,1,,,,1
"http://en.wikinews.org/wiki/Chinese_rioters_storm_Japanese_embassy_in_Beijing#ev97",0,7,,,,374
"http://en.wikinews.org/wiki/Clashes_between_Shiv_Sena,_MNS_in_Mumbai#ev34",0,6,5,,,374
"http://en.wikinews.org/wiki/Clashes_between_Shiv_Sena,_MNS_in_Mumbai#ev35",1,1,,,,1
"http://en.wikinews.org/wiki/Communal_tension_erupts_in_Vadodara,_India#ev50",0,9,,,,374
"http://en.wikinews.org/wiki/Czechs_and_Slovaks_celebrate_twenty_years_since_Velvet_Revolution#ev39",0,5,9,,,374
"http://en.wikinews.org/wiki/Czechs_and_Slovaks_celebrate_twenty_years_since_Velvet_Revolution#ev40",0,2,5,,,374
"http://en.wikinews.org/wiki/Czechs_and_Slovaks_celebrate_twenty_years_since_Velvet_Revolution#ev70",1,1,,,,1
"http://en.wikinews.org/wiki/Dalai_Lama_threatens_to_resign_if_situation_in_Tibet_worsens#ev145",0,2,,,,374
"http://en.wikinews.org/wiki/Dalai_Lama_threatens_to_resign_if_situation_in_Tibet_worsens#ev51",0,6,,,,374
"http://en.wikinews.org/wiki/Danish_and_Austrian_embassies_in_Tehran_attacked#ev11",0,2,5,,,374
"http://en.wikinews.org/wiki/Danish_and_Austrian_embassies_in_Tehran_attacked#ev31",0,12,,,,374
"http://en.wikinews.org/wiki/David_Cameron_responds_to_rioting,_promises_changes_on_policing#ev30",1,1,,,,1
"http://en.wikinews.org/wiki/David_Cameron_responds_to_rioting,_promises_changes_on_policing#ev38",0,5,,,,374
"http://en.wikinews.org/wiki/David_Cameron_responds_to_rioting,_promises_changes_on_policing#ev49",1,1,,,,1
"http://en.wikinews.org/wiki/David_Cameron_responds_to_rioting,_promises_changes_on_policing#ev55",1,1,,,,1
"http://en.wikinews.org/wiki/David_Cameron_responds_to_rioting,_promises_changes_on_policing#ev77",0,7,,,,374
"http://en.wikinews.org/wiki/Demonstrator_in_coma_-_serious_allegations_against_the_French_police#ev21",0,2,9,,,374
"http://en.wikinews.org/wiki/Dozens_killed_in_Mexican_prison_riots#ev26",1,1,,,,1
"http://en.wikinews.org/wiki/Dublin_unionist_march_turns_violent#ev41",0,2,9,,,374
"http://en.wikinews.org/wiki/Dublin_unionist_march_turns_violent#ev42",0,2,5,,,374
"http://en.wikinews.org/wiki/Dublin_unionist_march_turns_violent#ev89",0,7,,,,374
"http://en.wikinews.org/wiki/East_Timor:_President_Gusm%c3%a3o_takes_emergency_powers_to_quell_unrest#ev14",0,3,2,5,,374
"http://en.wikinews.org/wiki/East_Timor:_President_Gusm%c3%a3o_takes_emergency_powers_to_quell_unrest#ev32",0,9,3,,,374
"http://en.wikinews.org/wiki/East_Timor:_President_Gusm%c3%a3o_takes_emergency_powers_to_quell_unrest#ev34",0,7,3,,,374
"http://en.wikinews.org/wiki/Egypt_anti-government_protests_continue,_Internet_shut_down#ev16",0,8,,,,374
"http://en.wikinews.org/wiki/Egypt_anti-government_protests_continue,_Internet_shut_down#ev17",0,9,,,,374
"http://en.wikinews.org/wiki/Egypt_anti-government_protests_continue,_Internet_shut_down#ev18",0,2,5,,,374
"http://en.wikinews.org/wiki/Egyptians_protest_against_President_despite_ban#ev17",0,4,,,,374
"http://en.wikinews.org/wiki/Egyptians_protest_against_President_despite_ban#ev18",0,2,5,,,374
"http://en.wikinews.org/wiki/Egyptians_protest_against_President_despite_ban#ev19",0,2,5,,,374
"http://en.wikinews.org/wiki/Election_in_Moldova_instigates_rioting_mob_demanding_recount#ev115_0",0,4,,,,374
"http://en.wikinews.org/wiki/Election_in_Moldova_instigates_rioting_mob_demanding_recount#ev39",0,4,,,,374
"http://en.wikinews.org/wiki/Election_in_Moldova_instigates_rioting_mob_demanding_recount#ev41",0,2,5,,,374
"http://en.wikinews.org/wiki/Elizabeth_II_begins_state_visit_to_Ireland_amid_protests,_security_fears#ev30",0,6,5,,,374
"http://en.wikinews.org/wiki/Elizabeth_II_begins_state_visit_to_Ireland_amid_protests,_security_fears#ev71",0,6,4,,,374
"http://en.wikinews.org/wiki/Elizabeth_II_begins_state_visit_to_Ireland_amid_protests,_security_fears#ev75",0,2,5,,,374
"http://en.wikinews.org/wiki/European_Union_demands_release_of_Belarusian_opposition_leader#ev32",0,2,5,,,374
"http://en.wikinews.org/wiki/European_Union_demands_release_of_Belarusian_opposition_leader#ev33",0,6,,,,374
"http://en.wikinews.org/wiki/European_Union_demands_release_of_Belarusian_opposition_leader#ev34",0,4,,,,374
"http://en.wikinews.org/wiki/Ex-Ontario_Premier_Harris_to_deny_Ipperwash_allegations#ev43",0,3,4,,,374
"http://en.wikinews.org/wiki/Farmers_block_main_road_in_South_Italy#ev23",1,1,,,,1
"http://en.wikinews.org/wiki/Fire_hits_Egyptian_national_theatre#ev16",0,2,5,,,374
"http://en.wikinews.org/wiki/Fire_hits_Egyptian_national_theatre#ev17",1,1,,,,1
"http://en.wikinews.org/wiki/Fire_hits_Egyptian_national_theatre#ev18",1,1,,,,1
"http://en.wikinews.org/wiki/First_casualty_of_French_riots_reported#ev15",0,2,,,,374
"http://en.wikinews.org/wiki/First_casualty_of_French_riots_reported#ev23",0,5,,,,374
"http://en.wikinews.org/wiki/First_casualty_of_French_riots_reported#ev24",1,1,,,,1
"http://en.wikinews.org/wiki/First_free_Iraqi_election_begins;_insurgents_strike#ev20",1,1,,,,1
"http://en.wikinews.org/wiki/Five_dead_after_continuing_violence_in_Nigeria#ev39",1,1,,,,1
"http://en.wikinews.org/wiki/Former_British_Prime_Minister_Margaret_Thatcher_dies_aged_87#ev72",0,7,,,,374
"http://en.wikinews.org/wiki/Four_Israeli_Arabs_killed_by_Army_deserter#ev97",0,9,2,,,374
"http://en.wikinews.org/wiki/France_invokes_emergency_law_in_response_to_riots#ev23",0,2,,,,374
"http://en.wikinews.org/wiki/France_invokes_emergency_law_in_response_to_riots#ev34",0,7,,,,374
"http://en.wikinews.org/wiki/France_invokes_emergency_law_in_response_to_riots#ev35",0,4,,,,374
"http://en.wikinews.org/wiki/French_parliament_extends_state_of_emergency_to_three_months#ev52",1,1,,,,1
"http://en.wikinews.org/wiki/French_parliament_extends_state_of_emergency_to_three_months#ev98",1,1,,,,1
"http://en.wikinews.org/wiki/French_police_ban_public_meetings_and_increase_security_measures_in_Paris#ev22",0,8,,,,374
"http://en.wikinews.org/wiki/French_presidential_candidate_Sarkozy_accuses_left_parties_of_betraying_left_values#ev41",0,9,,,,374
"http://en.wikinews.org/wiki/French_riots_continue_into_second_week#ev20",0,6,9,,,374
"http://en.wikinews.org/wiki/French_riots_continue_into_second_week#ev32",0,4,,,,374
"http://en.wikinews.org/wiki/Georgian_President_faces_election_challenge#ev25",0,2,5,,,374
"http://en.wikinews.org/wiki/Georgian_President_faces_election_challenge#ev26",0,5,,,,374
"http://en.wikinews.org/wiki/Georgian_President_faces_election_challenge#ev77",0,4,,,,374
"http://en.wikinews.org/wiki/Government_forces_kill_17_rebels_in_northern_Yemen#ev17",1,1,,,,1
"http://en.wikinews.org/wiki/Greek_demonstrators_protest_austerity_measures#ev12",0,2,5,,,374
"http://en.wikinews.org/wiki/Greek_parliament_votes_in_favor_of_new_Papandreou_cabinet_as_debt_crisis_deepens#ev36",0,2,5,,,374
"http://en.wikinews.org/wiki/Greek_parliament_votes_in_favor_of_new_Papandreou_cabinet_as_debt_crisis_deepens#ev37",0,12,,,,374
"http://en.wikinews.org/wiki/Gunmen,_police_clash_in_south_Russian_republic_of_Kabardino-Balkaria#ev30",0,3,2,5,,374
"http://en.wikinews.org/wiki/Gunmen,_police_clash_in_south_Russian_republic_of_Kabardino-Balkaria#ev5",0,3,,,,374
"http://en.wikinews.org/wiki/Hong_Kong_police_move_to_open_roads_in_Mong_Kok#ev30",0,2,5,,,374
"http://en.wikinews.org/wiki/Hong_Kong_police_move_to_open_roads_in_Mong_Kok#ev35",0,9,,,,374
"http://en.wikinews.org/wiki/Hong_Kong_police_move_to_open_roads_in_Mong_Kok#ev47",1,1,,,,1
"http://en.wikinews.org/wiki/Hundreds_of_thousands_of_British_public_sector_workers_strike_over_planned_pension_changes#ev44",0,2,5,,,374
"http://en.wikinews.org/wiki/Hurricane_Paloma_hits_Cuba#ev24",0,6,3,,,374
"http://en.wikinews.org/wiki/In_a_Show_of_Force_Mexican_Federal_Forces_Remove_Oaxacan_Protesters_from_Oaxaca_City_centre#ev31",0,2,5,,,374
"http://en.wikinews.org/wiki/In_a_Show_of_Force_Mexican_Federal_Forces_Remove_Oaxacan_Protesters_from_Oaxaca_City_centre#ev34",1,1,,,,1
"http://en.wikinews.org/wiki/Indian_court_hands_out_31_life_sentences_for_race_riot_murders#ev12",0,5,6,,,374
"http://en.wikinews.org/wiki/Indian_court_hands_out_31_life_sentences_for_race_riot_murders#ev30",0,2,,,,374
"http://en.wikinews.org/wiki/Indian_court_hands_out_31_life_sentences_for_race_riot_murders#ev31",0,5,,,,374
"http://en.wikinews.org/wiki/Indian_court_hands_out_31_life_sentences_for_race_riot_murders#ev63",0,9,2,,,374
"http://en.wikinews.org/wiki/Indian_court_hands_out_31_life_sentences_for_race_riot_murders#ev65",1,1,,,,1
"http://en.wikinews.org/wiki/Indian_police_break_up_hunger_strike_over_dam_project#ev19",0,4,6,,,374
"http://en.wikinews.org/wiki/Indian_police_break_up_hunger_strike_over_dam_project#ev31",0,5,2,,,374
"http://en.wikinews.org/wiki/Inmates_take_over_Indiana_prison,_two_employees_injured#ev10",0,5,,,,374
"http://en.wikinews.org/wiki/Inmates_take_over_Indiana_prison,_two_employees_injured#ev11",1,1,,,,1
"http://en.wikinews.org/wiki/Inmates_take_over_Indiana_prison,_two_employees_injured#ev17",0,9,6,5,,374
"http://en.wikinews.org/wiki/Inmates_take_over_Indiana_prison,_two_employees_injured#ev30",0,6,9,,,374
"http://en.wikinews.org/wiki/Inmates_take_over_Indiana_prison,_two_employees_injured#ev31",1,1,,,,1
"http://en.wikinews.org/wiki/Iraqi_elections_kept_low-key,_but_secure,_in_Paris#ev21",0,6,9,5,,374
"http://en.wikinews.org/wiki/Iraqi_elections_kept_low-key,_but_secure,_in_Paris#ev27",0,2,5,,,374
"http://en.wikinews.org/wiki/Israel_completes_Gaza_strip,_West_Bank_pull-outs#ev26",0,9,,,,374
"http://en.wikinews.org/wiki/Israel_completes_Gaza_strip,_West_Bank_pull-outs#ev29",0,2,5,,,374
"http://en.wikinews.org/wiki/Italian_officials_found_guilty_of_abusing_G8_protestors#ev86",0,2,,,,374
"http://en.wikinews.org/wiki/Jacques_Chirac_announces_he_will_not_pursue_a_third_Presidential_mandate#ev81",1,1,,,,1
"http://en.wikinews.org/wiki/Japanese_journalist_shot_and_killed_in_Myanmar#ev32",0,7,3,8,,374
"http://en.wikinews.org/wiki/Japanese_journalist_shot_and_killed_in_Myanmar#ev46",0,3,2,9,8,374
"http://en.wikinews.org/wiki/Japanese_journalist_shot_and_killed_in_Myanmar#ev47",0,2,5,3,,374
"http://en.wikinews.org/wiki/Japanese_riot_police_deployed_around_consulates#ev6",0,2,5,,,374
"http://en.wikinews.org/wiki/Japanese_riot_police_deployed_around_consulates#ev7",1,1,,,,1
"http://en.wikinews.org/wiki/Jyllands-Posten_reconsiders_printing_holocaust_denial_cartoons#ev25",1,1,,,,1
"http://en.wikinews.org/wiki/Kevin_DuBrow,_lead_singer_of_%22Quiet_Riot%22,_found_dead#ev4",1,1,,,,1
"http://en.wikinews.org/wiki/Kyrgyzstan:_Ethnic_unrest_continues,_government_asks_Russia_for_help#ev58",1,1,,,,1
"http://en.wikinews.org/wiki/Loyalist_rioting_erupts_in_Belfast#ev48",0,2,5,,,374
"http://en.wikinews.org/wiki/Loyalist_rioting_erupts_in_Belfast#ev55",0,8,7,,,374
"http://en.wikinews.org/wiki/Loyalist_rioting_erupts_in_Belfast#ev60",0,8,,,,374
"http://en.wikinews.org/wiki/Loyalist_rioting_erupts_in_Belfast#ev72",1,1,,,,1
"http://en.wikinews.org/wiki/Malaysian_fans_riot_at_delayed_opening_of_Indian_film#ev105",0,9,8,,,374
"http://en.wikinews.org/wiki/Mexican_presidential_address_stopped_by_protests#ev53",0,2,5,,,374
"http://en.wikinews.org/wiki/Mongolia_declares_state_of_emergency_after_violent_protests,_five_people_killed#ev33",0,2,5,,,374
"http://en.wikinews.org/wiki/Mongolia_declares_state_of_emergency_after_violent_protests,_five_people_killed#ev34",1,1,,,,1
"http://en.wikinews.org/wiki/More_arrests_from_Cronulla_riots#ev18",0,8,,,,374
"http://en.wikinews.org/wiki/More_arrests_from_Cronulla_riots#ev29_4",0,4,,,,374
"http://en.wikinews.org/wiki/More_than_100_die_in_riots_in_%c3%9cr%c3%bcmqi,_China#ev34",0,5,9,,,374
"http://en.wikinews.org/wiki/More_than_100_die_in_riots_in_%c3%9cr%c3%bcmqi,_China#ev75",1,1,,,,1
"http://en.wikinews.org/wiki/Moscow_detains_anti-Kremlin_protesters#ev15",0,4,,,,374
"http://en.wikinews.org/wiki/Moscow_detains_anti-Kremlin_protesters#ev7",0,6,5,,,374
"http://en.wikinews.org/wiki/Moscow_detains_anti-Kremlin_protesters#ev9",0,2,5,,,374
"http://en.wikinews.org/wiki/New_Kyrgz_interior_minister_says_force_may_be_used,_riot_police_clash_with_protesters_in_Bishkek#ev10",0,4,,,,374
"http://en.wikinews.org/wiki/New_Kyrgz_interior_minister_says_force_may_be_used,_riot_police_clash_with_protesters_in_Bishkek#ev28",0,4,,,,374
"http://en.wikinews.org/wiki/New_Kyrgz_interior_minister_says_force_may_be_used,_riot_police_clash_with_protesters_in_Bishkek#ev8",0,2,5,,,374
"http://en.wikinews.org/wiki/New_Kyrgz_interior_minister_says_force_may_be_used,_riot_police_clash_with_protesters_in_Bishkek#ev9",0,4,,,,374
"http://en.wikinews.org/wiki/New_Zealand_riot_police_use_batons_to_disperse_unruly_pub-crawl#ev18",0,6,,,,374
"http://en.wikinews.org/wiki/New_Zealand_riot_police_use_batons_to_disperse_unruly_pub-crawl#ev19",0,9,,,,374
"http://en.wikinews.org/wiki/New_Zealand_riot_police_use_batons_to_disperse_unruly_pub-crawl#ev27",0,2,5,6,9,374
"http://en.wikinews.org/wiki/New_Zealand_riot_police_use_batons_to_disperse_unruly_pub-crawl#ev28",1,1,,,,1
"http://en.wikinews.org/wiki/New_Zealand_riot_police_use_batons_to_disperse_unruly_pub-crawl#ev36",1,1,,,,1
"http://en.wikinews.org/wiki/New_Zealand_riot_police_use_batons_to_disperse_unruly_pub-crawl#ev46",1,1,,,,1
"http://en.wikinews.org/wiki/Nineteen_activists_killed_by_Israeli_commandos_aboard_aid_convoy_bound_for_Gaza#ev195",0,3,5,,,374
"http://en.wikinews.org/wiki/Officer_who_killed_Polish_dissident_during_Communist_era_sentenced_to_4_years_prison#ev17",0,2,5,,,374
"http://en.wikinews.org/wiki/Officers_and_immigrants_injured_in_Canary_Isles_revolt#ev15",1,1,,,,1
"http://en.wikinews.org/wiki/Opposition_leader_Alaksandar_Milinkievi%c4%8d_jailed_in_Belarus#ev15",0,6,8,,,374
"http://en.wikinews.org/wiki/Opposition_leader_Alaksandar_Milinkievi%c4%8d_jailed_in_Belarus#ev16",0,2,8,5,6,374
"http://en.wikinews.org/wiki/Opposition_leader_Alaksandar_Milinkievi%c4%8d_jailed_in_Belarus#ev24",0,5,,,,374
"http://en.wikinews.org/wiki/Opposition_leader_Alaksandar_Milinkievi%c4%8d_jailed_in_Belarus#ev25",0,2,5,,,374
"http://en.wikinews.org/wiki/Pakistanis_condemn_US_airstrike#ev23",0,2,5,,,374
"http://en.wikinews.org/wiki/Pakistanis_condemn_US_airstrike#ev24",1,1,,,,1
"http://en.wikinews.org/wiki/Palestinians_storm_Egyptian_border_near_Rafah#ev32",1,1,,,,1
"http://en.wikinews.org/wiki/Paramilitary_group_calls_for_end_to_rioting_in_Northern_Ireland#ev10",0,4,,,,374
"http://en.wikinews.org/wiki/Paris_court_jails_rioters_for_attempted_murder_of_police#ev22",0,8,,,,374
"http://en.wikinews.org/wiki/Partizan_Belgrade_kicked_out_of_2007/08_UEFA_Cup#ev23",1,1,,,,1
"http://en.wikinews.org/wiki/Partizan_Belgrade_kicked_out_of_2007/08_UEFA_Cup#ev9",0,2,5,,,374
"http://en.wikinews.org/wiki/Police_fight_police_in_Brazil_protest#ev33",0,9,,,,374
"http://en.wikinews.org/wiki/Police_fight_police_in_Brazil_protest#ev34",1,1,,,,1
"http://en.wikinews.org/wiki/Police_fight_police_in_Brazil_protest#ev8",0,6,2,5,,374
"http://en.wikinews.org/wiki/Police_release_photographs_of_those_of_interest_in_connection_with_Cronulla_riots#ev18",0,8,,,,374
"http://en.wikinews.org/wiki/Police_release_photographs_of_those_of_interest_in_connection_with_Cronulla_riots#ev46",0,7,9,8,,374
"http://en.wikinews.org/wiki/Police_release_photographs_of_those_of_interest_in_connection_with_Cronulla_riots#ev65",0,2,8,9,,374
"http://en.wikinews.org/wiki/Police_release_photographs_of_those_of_interest_in_connection_with_Cronulla_riots#ev66",0,2,,,,374
"http://en.wikinews.org/wiki/Police_warn_Sydneysiders_to_stay_away_from_Eastern_beaches#ev26",1,1,,,,1
"http://en.wikinews.org/wiki/Policeman_killed_in_football-related_violence_in_Italy#ev47",0,8,,,,374
"http://en.wikinews.org/wiki/Priest_charged_in_exorcism_death#ev39",0,2,5,,,374
"http://en.wikinews.org/wiki/Priest_charged_in_exorcism_death#ev40",0,4,,,,374
"http://en.wikinews.org/wiki/Priest_charged_in_exorcism_death#ev41",1,1,,,,1
"http://en.wikinews.org/wiki/Prison_riot_breaks_out_in_Haiti#ev14",1,1,,,,1
"http://en.wikinews.org/wiki/Prison_riot_breaks_out_in_Haiti#ev16",1,1,,,,1
"http://en.wikinews.org/wiki/Prison_riot_breaks_out_in_Haiti#ev5",1,1,,,,1
"http://en.wikinews.org/wiki/Prison_riot_breaks_out_in_Haiti#ev6",0,8,2,,,374
"http://en.wikinews.org/wiki/Protesters_against_police_violence_surround_London's_Scotland_Yard#ev40",0,4,,,,374
"http://en.wikinews.org/wiki/Protesters_against_police_violence_surround_London's_Scotland_Yard#ev41",0,6,2,5,9,374
"http://en.wikinews.org/wiki/Protests_erupt_in_Pakistan_over_US_air_strike#ev11",0,2,5,,,374
"http://en.wikinews.org/wiki/Protests_erupt_in_Pakistan_over_US_air_strike#ev12",1,1,,,,1
"http://en.wikinews.org/wiki/Protests_erupt_in_Pakistan_over_US_air_strike#ev20",0,4,,,,374
"http://en.wikinews.org/wiki/Protests_in_Greece_over_proposed_budget_cuts#ev28",1,1,,,,1
"http://en.wikinews.org/wiki/Protests_in_Greece_over_proposed_budget_cuts#ev29",0,6,5,,,374
"http://en.wikinews.org/wiki/Quebec_police_admit_they_went_undercover_at_Montebello_protest#ev42",0,4,,,,374
"http://en.wikinews.org/wiki/Quebec_police_admit_they_went_undercover_at_Montebello_protest#ev43",0,2,5,,,374
"http://en.wikinews.org/wiki/Racial_Equality_commissioner_warns_of_racial_violence_in_Britain#ev12",1,1,,,,1
"http://en.wikinews.org/wiki/Republican_groups_suspected_in_gun_battle_with,_failed_bombing_of,_Northern_Irish_police#ev22",1,1,,,,1
"http://en.wikinews.org/wiki/Riot_at_Guantanamo_Bay_detention_camp#ev33",0,6,5,4,9,374
"http://en.wikinews.org/wiki/Riot_at_Guantanamo_Bay_detention_camp#ev79",1,1,,,,1
"http://en.wikinews.org/wiki/Riot_at_Sydney,_Australia's_Villawood_Detention_Centre_continues#ev24",0,2,5,,,374
"http://en.wikinews.org/wiki/Riot_at_Sydney,_Australia's_Villawood_Detention_Centre_continues#ev25",1,1,,,,1
"http://en.wikinews.org/wiki/Riot_at_Sydney,_Australia's_Villawood_Detention_Centre_continues#ev43",1,1,,,,1
"http://en.wikinews.org/wiki/Riot_at_Sydney,_Australia's_Villawood_Detention_Centre_continues#ev7",0,8,,,,374
"http://en.wikinews.org/wiki/Riot_police_arrest_Belarusian_opposition_leader_Kozulin#ev12",0,4,9,,,374
"http://en.wikinews.org/wiki/Riot_police_arrest_Belarusian_opposition_leader_Kozulin#ev9",0,2,5,6,,374
"http://en.wikinews.org/wiki/Rioting_develops_throughout_England#ev28",0,7,,,,374
"http://en.wikinews.org/wiki/Rioting_develops_throughout_England#ev29",0,2,9,10,3,374
"http://en.wikinews.org/wiki/Rioting_develops_throughout_England#ev35",0,7,,,,374
"http://en.wikinews.org/wiki/Rioting_develops_throughout_England#ev57",0,3,,,,374
"http://en.wikinews.org/wiki/Riots_cease_in_Dublin_against_Unionist_march#ev101",0,4,,,,374
"http://en.wikinews.org/wiki/Riots_cease_in_Dublin_against_Unionist_march#ev53",0,6,,,,374
"http://en.wikinews.org/wiki/Riots_cease_in_Dublin_against_Unionist_march#ev75",0,7,,,,374
"http://en.wikinews.org/wiki/Riots_cease_in_Dublin_against_Unionist_march#ev85",0,10,,,,374
"http://en.wikinews.org/wiki/Riots_in_%c3%8ele-de-France_:_70_arrested_after_200_cars_burned#ev16",1,1,,,,1
"http://en.wikinews.org/wiki/Riots_in_England_continue_for_a_fourth_night#ev15",0,5,6,7,,374
"http://en.wikinews.org/wiki/Riots_in_England_continue_for_a_fourth_night#ev39",1,1,,,,1
"http://en.wikinews.org/wiki/Riots_in_Greece_enter_fourth_night#ev17",1,1,,,,1
"http://en.wikinews.org/wiki/Riots_in_Greece_enter_fourth_night#ev19",0,4,,,,374
"http://en.wikinews.org/wiki/Riots_in_Greece_enter_fourth_night#ev20",0,9,3,,,374
"http://en.wikinews.org/wiki/Riots_in_Greece_enter_fourth_night#ev21",0,9,3,,,374
"http://en.wikinews.org/wiki/Riots_in_Hamburg,_Germany_injure_dozens#ev20",1,1,,,,1
"http://en.wikinews.org/wiki/Riots_in_Hamburg,_Germany_injure_dozens#ev9",0,5,,,,374
"http://en.wikinews.org/wiki/Riots_in_Nigeria_kill_nearly_400#ev16",0,9,,,,374
"http://en.wikinews.org/wiki/Riots_in_Nigeria_kill_nearly_400#ev20",0,12,,,,374
"http://en.wikinews.org/wiki/Riots_in_Nigeria_kill_nearly_400#ev21",0,12,,,,374
"http://en.wikinews.org/wiki/Riots_in_Nigeria_kill_nearly_400#ev44",1,1,,,,1
"http://en.wikinews.org/wiki/Riots_in_Tonga#ev61",1,1,,,,1
"http://en.wikinews.org/wiki/Riots_in_Tonga#ev67",0,9,,,,374
"http://en.wikinews.org/wiki/Row_over_Australian_flag_at_Bondi_Pavilion#ev47",0,8,,,,374
"http://en.wikinews.org/wiki/Rwandan_Supreme_Court_agrees_to_hear_case_on_allowing_third_presidential_term#ev43",0,6,3,,,374
"http://en.wikinews.org/wiki/Scotland_Yard_says_suicide_bomb_blast_killed_Bhutto,_not_bullet#ev120",0,9,,,,374
"http://en.wikinews.org/wiki/Second_night_of_rioting_in_Paris_suburb,_Villiers-le-Bel#ev23",1,1,,,,1
"http://en.wikinews.org/wiki/Second_night_of_violence_in_Belfast#ev45",0,8,,,,374
"http://en.wikinews.org/wiki/Sentences_handed_down_over_Paraguay's_worst_fire#ev104",1,1,,,,1
"http://en.wikinews.org/wiki/Social_networks_asked_to_visit_UK_Home_Office_after_riots#ev15",0,8,,,,374
"http://en.wikinews.org/wiki/Social_networks_asked_to_visit_UK_Home_Office_after_riots#ev24",0,5,9,,,374
"http://en.wikinews.org/wiki/Social_networks_asked_to_visit_UK_Home_Office_after_riots#ev32",1,1,,,,1
"http://en.wikinews.org/wiki/South_African_police_clash_with_demonstrators#ev15",1,1,,,,1
"http://en.wikinews.org/wiki/South_African_police_clash_with_demonstrators#ev16",1,1,,,,1
"http://en.wikinews.org/wiki/South_African_police_clash_with_demonstrators#ev27",1,1,,,,1
"http://en.wikinews.org/wiki/South_Korean_police_clamp_down_on_protests_against_US_beef#ev100",1,1,,,,1
"http://en.wikinews.org/wiki/South_Korean_police_clamp_down_on_protests_against_US_beef#ev27",0,6,9,,,374
"http://en.wikinews.org/wiki/South_Korean_police_clamp_down_on_protests_against_US_beef#ev29",0,2,5,6,,374
"http://en.wikinews.org/wiki/South_Korean_police_clamp_down_on_protests_against_US_beef#ev45",0,9,,,,374
"http://en.wikinews.org/wiki/South_Korean_police_clamp_down_on_protests_against_US_beef#ev89",0,8,9,,,374
"http://en.wikinews.org/wiki/South_Korean_workers_protest_against_labour_laws#ev25",0,2,5,,,374
"http://en.wikinews.org/wiki/South_Korean_workers_protest_against_labour_laws#ev44",0,9,,,,374
"http://en.wikinews.org/wiki/Spanish_King's_'shut_up'_to_Ch%c3%a1vez_becomes_ringtone#ev89",0,3,,,,374
"http://en.wikinews.org/wiki/State_of_emergency_in_Thailand;_protestors_attack_PM's_car#ev36",0,5,,,,374
"http://en.wikinews.org/wiki/Stephen_Lawrence_police_corruption_allegations_lead_to_calls_for_investigation#ev53",0,8,,,,374
"http://en.wikinews.org/wiki/Student_protesters_take_over_Q&amp;A#ev35",0,8,,,,374
"http://en.wikinews.org/wiki/Sydney_racial_violence_continues#ev24",1,1,,,,1
"http://en.wikinews.org/wiki/Sydney_racial_violence_continues#ev25",0,6,9,,,374
"http://en.wikinews.org/wiki/Sydney_thanked_for_its_patience_during_APEC#ev29",1,1,,,,1
"http://en.wikinews.org/wiki/Sydney_thanked_for_its_patience_during_APEC#ev30",0,2,5,,,374
"http://en.wikinews.org/wiki/Sydney_thanked_for_its_patience_during_APEC#ev45",0,2,5,9,,374
"http://en.wikinews.org/wiki/Sydney's_Gay_and_Lesbian_Mardi_Gras_celebrated_by_450,000_people#ev72",0,6,7,,,374
"http://en.wikinews.org/wiki/Tens_of_thousands_of_workers_demonstrate_in_Ljubljana,_Slovenia#ev28",0,2,5,6,,374
"http://en.wikinews.org/wiki/Tens_of_thousands_of_workers_demonstrate_in_Ljubljana,_Slovenia#ev58",0,6,,,,374
"http://en.wikinews.org/wiki/Thai-Cambodian_generals_in_talks_after_border_clash_kills_two#ev136",0,9,2,,,374
"http://en.wikinews.org/wiki/Thai-Cambodian_generals_in_talks_after_border_clash_kills_two#ev77",1,1,,,,1
"http://en.wikinews.org/wiki/Thai-Cambodian_generals_in_talks_after_border_clash_kills_two#ev78",0,2,5,,,374
"http://en.wikinews.org/wiki/Thai-Cambodian_generals_in_talks_after_border_clash_kills_two#ev79",0,2,9,,,374
"http://en.wikinews.org/wiki/The_Pirate_Bay_and_Piratbyr%c3%a5n_raided#ev100",0,3,,,,374
"http://en.wikinews.org/wiki/The_Wii,_Nintendo's_next_generation_console,_launches_in_North_America#ev18",1,1,,,,1
"http://en.wikinews.org/wiki/The_Wii,_Nintendo's_next_generation_console,_launches_in_North_America#ev19",0,5,,,,374
"http://en.wikinews.org/wiki/The_Wii,_Nintendo's_next_generation_console,_launches_in_North_America#ev20",0,9,2,,,374
"http://en.wikinews.org/wiki/The_Wii,_Nintendo's_next_generation_console,_launches_in_North_America#ev63",0,2,5,,,374
"http://en.wikinews.org/wiki/Third_night_of_unrest_is_calmer_in_Paris_suburbs#ev76",1,1,,,,1
"http://en.wikinews.org/wiki/Thousands_gather_in_London_to_protest_against_government_cuts#ev77",0,3,,,,374
"http://en.wikinews.org/wiki/Thousands_gather_in_London_to_protest_against_government_cuts#ev88",0,5,3,,,374
"http://en.wikinews.org/wiki/Thousands_protest_constitutional_decree_in_Tahrir_Square,_Egypt#ev6",1,1,,,,1
"http://en.wikinews.org/wiki/Thousands_protest_over_alleged_Russian_election_fraud#ev110",0,7,4,,,374
"http://en.wikinews.org/wiki/Thousands_protest_over_alleged_Russian_election_fraud#ev45",0,6,2,5,,374
"http://en.wikinews.org/wiki/Thousands_take_to_streets_protesting_'ratbag's_Bedroom_Tax#ev49",1,1,,,,1
"http://en.wikinews.org/wiki/Three_charged_following_release_of_Cronulla_riot_wanted_photographs#ev27",0,6,9,,,374
"http://en.wikinews.org/wiki/Three_charged_following_release_of_Cronulla_riot_wanted_photographs#ev32",0,8,,,,374
"http://en.wikinews.org/wiki/Three_charged_following_release_of_Cronulla_riot_wanted_photographs#ev71_0",0,4,,,,374
"http://en.wikinews.org/wiki/Three_charged_following_release_of_Cronulla_riot_wanted_photographs#ev73",0,2,9,,,374
"http://en.wikinews.org/wiki/Three_charged_following_release_of_Cronulla_riot_wanted_photographs#ev87",0,10,,,,374
"http://en.wikinews.org/wiki/Three_killed_amongst_Birmingham,_England_riots#ev31",0,6,9,,,374
"http://en.wikinews.org/wiki/Three_killed_amongst_Birmingham,_England_riots#ev32",0,5,6,,,374
"http://en.wikinews.org/wiki/Three_killed_during_Hezbollah-led_protest#ev33",0,4,,,,374
"http://en.wikinews.org/wiki/Tonga_renews_emergency_regulations#ev21",0,5,,,,374
"http://en.wikinews.org/wiki/Tonga_renews_emergency_regulations#ev29",1,1,,,,1
"http://en.wikinews.org/wiki/Tonga_renews_emergency_regulations#ev37",1,1,,,,1
"http://en.wikinews.org/wiki/Tulsa_shootings_accused_face_multiple_murder_charges#ev24",0,3,,,,374
"http://en.wikinews.org/wiki/Tulsa_shootings_accused_face_multiple_murder_charges#ev70",0,3,,,,374
"http://en.wikinews.org/wiki/Turkey_bans_pro-Kurdish_party#ev138",0,2,9,,,374
"http://en.wikinews.org/wiki/Turkey_bans_pro-Kurdish_party#ev83",0,2,5,,,374
"http://en.wikinews.org/wiki/Two_Australians_charged_after_burning_flag_during_riot#ev10",0,5,8,,,374
"http://en.wikinews.org/wiki/Two_Australians_charged_after_burning_flag_during_riot#ev8",1,1,,,,1
"http://en.wikinews.org/wiki/Two_Palestinians_dead,_two_Israelis_injured_in_recent_attacks#ev32",1,1,,,,1
"http://en.wikinews.org/wiki/U.S._Military_truck_crash_kills_civilians;_Kabul_riots#ev25",0,2,5,,,374
"http://en.wikinews.org/wiki/Ukrainian_opposition_rejects_power-sharing_deal#ev44",0,4,,,,374
"http://en.wikinews.org/wiki/Ukrainian_opposition_rejects_power-sharing_deal#ev45",0,2,5,,,374
"http://en.wikinews.org/wiki/Ukrainian_opposition_rejects_power-sharing_deal#ev46",0,9,2,,,374
"http://en.wikinews.org/wiki/University_of_Illinois_student_newspaper_runs_six_Prophet_Mohammed_cartoons#ev33",1,1,,,,1
"http://en.wikinews.org/wiki/University_of_Missouri_Hospital_in_lockdown_after_'violent_individual'_attempts_to_gain_access_to_building#ev44",0,3,,,,374
"http://en.wikinews.org/wiki/Unrest_in_Belize#ev29",0,4,,,,374
"http://en.wikinews.org/wiki/Unrest_in_Belize#ev30",0,2,5,,,374
"http://en.wikinews.org/wiki/Up_to_18_arrested,_police_injured_in_APEC_rally#ev56",0,2,5,,,374
"http://en.wikinews.org/wiki/Up_to_18_arrested,_police_injured_in_APEC_rally#ev57",0,2,,,,374
"http://en.wikinews.org/wiki/US_accused_of_sinking_The_Pirate_Bay#ev28",0,5,2,,,374
"http://en.wikinews.org/wiki/US_accused_of_sinking_The_Pirate_Bay#ev50",0,7,,,,374
"http://en.wikinews.org/wiki/US_Army_sergeant_asserts_Posse_Comitatus_is_not_being_violated#ev76",0,5,,,,374
"http://en.wikinews.org/wiki/US_guards_kill_four_in_Iraqi_prison_riot#ev15",1,1,,,,1
"http://en.wikinews.org/wiki/US_guards_kill_four_in_Iraqi_prison_riot#ev26",0,9,,,,374
"http://en.wikinews.org/wiki/US_guards_kill_four_in_Iraqi_prison_riot#ev30",1,1,,,,1
"http://en.wikinews.org/wiki/US_President_Bush_and_NZ_Prime_Minister_Clark_meet#ev58",0,4,,,,374
"http://en.wikinews.org/wiki/US_president_Bush_visits_Canada#ev28",0,2,5,,,374
"http://en.wikinews.org/wiki/US_president_Bush_visits_Canada#ev58",0,7,,,,374
"http://en.wikinews.org/wiki/Violence_in_Iran_increases#ev18",0,2,,,,374
"http://en.wikinews.org/wiki/Violence_in_Iran_increases#ev19",0,2,5,8,,374
"http://en.wikinews.org/wiki/Violence_in_Iran_increases#ev27",0,2,,,,374
"http://en.wikinews.org/wiki/Violence_in_Iran_increases#ev28",0,4,,,,374
"http://en.wikinews.org/wiki/Violence,_arrests_end_Minsk,_Belarus_protests#ev20",0,5,,,,374
"http://en.wikinews.org/wiki/Violence,_arrests_end_Minsk,_Belarus_protests#ev5",0,4,,,,374
"http://en.wikinews.org/wiki/Violence,_arrests_end_Minsk,_Belarus_protests#ev8",0,2,5,,,374
"http://en.wikinews.org/wiki/Violent_clashes_in_Kenya_kill_scores#ev19",0,4,,,,374
"http://en.wikinews.org/wiki/Violent_clashes_in_Kenya_kill_scores#ev20",0,2,5,,,374
"http://en.wikinews.org/wiki/Zimbabwe_police_break_up_rally,_detain_leaders#ev21",0,4,,,,374
"http://en.wikinews.org/wiki/Zimbabwe_police_break_up_rally,_detain_leaders#ev50",0,4,,,,374
